"","Tm","Payroll","year","order"
"1","TBR",56071767,2019,1
"2","TOR",64680671,2019,2
"3","PIT",72915501,2019,3
"4","MIA",74683643,2019,4
"5","CHW",80846333,2019,5
"6","BAL",82696100,2019,6
"7","SDP",90260767,2019,7
"8","KCR",98183242,2019,8
"9","DET",100618500,2019,9
"10","OAK",102935833,2019,10
"11","TEX",104433499,2019,11
"12","CIN",109737499,2019,12
"13","MIN",113758333,2019,13
"14","ARI",124016266,2019,14
"15","SEA",126874600,2019,15
"16","MIL",128842900,2019,16
"17","ATL",133186667,2019,17
"18","PHI",141786962,2019,18
"19","COL",145348500,2019,19
"20","CLE",151257783,2019,20
"21","NYM",154837230,2019,21
"22","STL",161120267,2019,22
"23","HOU",166042500,2019,23
"24","SFG",175550753,2019,24
"25","LAA",177345250,2019,25
"26","LAD",193553333,2019,26
"27","WSN",203016595,2019,27
"28","CHC",217805215,2019,28
"29","BOS",218978142,2019,29
"30","NYY",228442421,2019,30
"31","TBR",46011667,2018,1
"32","OAK",69883333,2018,2
"33","CHW",75092000,2018,3
"34","MIA",86515143,2018,4
"35","PIT",88141000,2018,5
"36","SDP",93821067,2018,6
"37","PHI",93874333,2018,7
"38","CIN",94587500,2018,8
"39","KCR",95199167,2018,9
"40","TEX",106099628,2018,10
"41","MIL",109295700,2018,11
"42","MIN",110275000,2018,12
"43","DET",111531000,2018,13
"44","ATL",115848667,2018,14
"45","ARI",134850600,2018,15
"46","COL",136658500,2018,16
"47","BAL",141555833,2018,17
"48","CLE",143375233,2018,18
"49","TOR",151670772,2018,19
"50","SEA",157090065,2018,20
"51","STL",157713667,2018,21
"52","NYY",160743032,2018,22
"53","NYM",161403844,2018,23
"54","LAD",164703429,2018,24
"55","LAA",166849666,2018,25
"56","HOU",172781200,2018,26
"57","WSN",188886699,2018,27
"58","SFG",202060277,2018,28
"59","CHC",205373881,2018,29
"60","BOS",222205000,2018,30
"61","SDP",49248767,2017,1
"62","OAK",51560000,2017,2
"63","MIL",68439300,2017,3
"64","CIN",79315786,2017,4
"65","TBR",79473033,2017,5
"66","PHI",86276000,2017,6
"67","CHW",97842000,2017,7
"68","PIT",102953333,2017,8
"69","MIN",103932500,2017,9
"70","ARI",106580200,2017,10
"71","COL",106650000,2017,11
"72","MIA",111591100,2017,12
"73","CLE",114427167,2017,13
"74","DET",118375600,2017,14
"75","ATL",119705250,2017,15
"76","KCR",127555817,2017,16
"77","STL",129652933,2017,17
"78","HOU",157656400,2017,18
"79","TOR",158890575,2017,19
"80","BAL",161621633,2017,20
"81","SEA",172438700,2017,21
"82","WSN",175587301,2017,22
"83","NYM",176615252,2017,23
"84","CHC",177210667,2017,24
"85","SFG",177399833,2017,25
"86","LAA",181125500,2017,26
"87","NYY",182424700,2017,27
"88","BOS",200550750,2017,28
"89","LAD",201466263,2017,29
"90","TEX",207326274,2017,30
"91","TBR",48223791,2016,1
"92","SDP",50656166,2016,2
"93","MIL",52077500,2016,3
"94","OAK",54969067,2016,4
"95","MIA",72472000,2016,5
"96","ATL",74999750,2016,6
"97","CIN",77329561,2016,7
"98","ARI",78399500,2016,8
"99","PIT",81187933,2016,9
"100","PHI",84846666,2016,10
"101","HOU",89498000,2016,11
"102","COL",89707000,2016,12
"103","MIN",93333700,2016,13
"104","CLE",94511067,2016,14
"105","CHW",113416000,2016,15
"106","KCR",125132675,2016,16
"107","SEA",137169100,2016,17
"108","LAA",139712000,2016,18
"109","STL",150353500,2016,19
"110","WSN",152967400,2016,20
"111","BAL",153744833,2016,21
"112","NYM",155221282,2016,22
"113","CHC",176097333,2016,23
"114","SFG",177021333,2016,24
"115","TOR",182690767,2016,25
"116","NYY",193229350,2016,26
"117","DET",199902000,2016,27
"118","TEX",212117760,2016,28
"119","BOS",218682750,2016,29
"120","LAD",231342096,2016,30
"121","CLE",59163766,2015,1
"122","OAK",64016001,2015,2
"123","ARI",64434000,2015,3
"124","TBR",64571233,2015,4
"125","MIL",70869500,2015,5
"126","MIA",71231500,2015,6
"127","HOU",93256200,2015,7
"128","COL",96438600,2015,8
"129","NYM",98874473,2015,9
"130","PHI",103082167,2015,10
"131","ATL",104037500,2015,11
"132","PIT",104457499,2015,12
"133","MIN",107755000,2015,13
"134","CIN",111572286,2015,14
"135","CHW",112889700,2015,15
"136","BAL",112989833,2015,16
"137","CHC",115306610,2015,17
"138","TOR",117917400,2015,18
"139","KCR",121590475,2015,19
"140","SDP",125203700,2015,20
"141","STL",128241500,2015,21
"142","SEA",130681400,2015,22
"143","LAA",131522500,2015,23
"144","DET",172284750,2015,24
"145","WSN",176496372,2015,25
"146","TEX",178860789,2015,26
"147","SFG",180018166,2015,27
"148","BOS",183931900,2015,28
"149","NYY",214051957,2015,29
"150","LAD",265140429,2015,30
"151","MIA",42365400,2014,1
"152","HOU",44736800,2014,2
"153","CHC",59800500,2014,3
"154","CLE",73509399,2014,4
"155","SDP",76662100,2014,5
"156","TBR",77814300,2014,6
"157","PIT",80729000,2014,7
"158","NYM",82663615,2014,8
"159","MIN",87044000,2014,9
"160","CHW",87475500,2014,10
"161","OAK",89160900,2014,11
"162","KCR",89804075,2014,12
"163","ARI",89926500,2014,13
"164","COL",95403500,2014,14
"165","SEA",95471000,2014,15
"166","CIN",102230000,2014,16
"167","ATL",108081500,2014,17
"168","BAL",109097500,2014,18
"169","MIL",109567000,2014,19
"170","LAA",128667000,2014,20
"171","TEX",129801239,2014,21
"172","STL",129932500,2014,22
"173","BOS",134628929,2014,23
"174","TOR",136466200,2014,24
"175","WSN",137235080,2014,25
"176","SFG",163510167,2014,26
"177","DET",169135500,2014,27
"178","PHI",176444967,2014,28
"179","LAD",233386026,2014,29
"180","NYY",258118959,2014,30
"181","HOU",14672300,2013,1
"182","MIA",24761900,2013,2
"183","MIN",63042500,2013,3
"184","SDP",65988600,2013,4
"185","CHC",67874166,2013,5
"186","NYM",69425860,2013,6
"187","OAK",69440000,2013,7
"188","TBR",71163500,2013,8
"189","COL",73768000,2013,9
"190","SEA",78887000,2013,10
"191","ARI",80060500,2013,11
"192","CHW",81401900,2013,12
"193","MIL",86945000,2013,13
"194","CLE",87342433,2013,14
"195","KCR",87426250,2013,15
"196","ATL",95618750,2013,16
"197","PIT",99230000,2013,17
"198","BAL",100832000,2013,18
"199","CIN",106255535,2013,19
"200","WSN",112493250,2013,20
"201","STL",112583000,2013,21
"202","LAA",116532500,2013,22
"203","TOR",124517800,2013,23
"204","TEX",139261200,2013,24
"205","SFG",139845667,2013,25
"206","PHI",150860000,2013,26
"207","DET",154407000,2013,27
"208","BOS",175395500,2013,28
"209","NYY",246534750,2013,29
"210","LAD",254161000,2013,30
"211","HOU",37651000,2012,1
"212","SDP",55494700,2012,2
"213","OAK",61202500,2012,3
"214","KCR",61747075,2012,4
"215","TBR",63368700,2012,5
"216","ARI",67069833,2012,6
"217","PIT",70077000,2012,7
"218","COL",75485000,2012,8
"219","BAL",77949000,2012,9
"220","SEA",78235600,2012,10
"221","CLE",78911300,2012,11
"222","CIN",80309500,2012,12
"223","TOR",82352700,2012,13
"224","CHC",86159366,2012,14
"225","ATL",86208000,2012,15
"226","NYM",91621424,2012,16
"227","WSN",92386000,2012,17
"228","MIL",95717000,2012,18
"229","MIN",99066000,2012,19
"230","MIA",107678000,2012,20
"231","BOS",110386000,2012,21
"232","STL",112071000,2012,22
"233","SFG",117637350,2012,23
"234","CHW",118208000,2012,24
"235","TEX",124119900,2012,25
"236","DET",131394000,2012,26
"237","LAA",141073500,2012,27
"238","PHI",171501558,2012,28
"239","LAD",177033600,2012,29
"240","NYY",197977900,2012,30
"241","KCR",35712000,2011,1
"242","TBR",41053571,2011,2
"243","PIT",45047000,2011,3
"244","SDP",45869140,2011,4
"245","CLE",49426566,2011,5
"246","ARI",54823166,2011,6
"247","FLA",57694000,2011,7
"248","TOR",64567800,2011,8
"249","OAK",67094000,2011,9
"250","WSN",68492928,2011,10
"251","HOU",71110500,2011,11
"252","CIN",77297134,2011,12
"253","SEA",86110600,2011,13
"254","MIL",86636333,2011,14
"255","BAL",88299038,2011,15
"256","COL",91648071,2011,16
"257","TEX",93799264,2011,17
"258","ATL",93855132,2011,18
"259","LAD",103785477,2011,19
"260","STL",105433572,2011,20
"261","DET",106875231,2011,21
"262","MIN",112737000,2011,22
"263","SFG",124198333,2011,23
"264","CHW",127789000,2011,24
"265","CHC",136547329,2011,25
"266","LAA",138543166,2011,26
"267","NYM",151897309,2011,27
"268","BOS",166662475,2011,28
"269","PHI",172976379,2011,29
"270","NYY",206275028,2011,30
"271","PIT",37443000,2010,1
"272","SDP",37799300,2010,2
"273","TEX",56474374,2010,3
"274","FLA",57454719,2010,4
"275","OAK",57904900,2010,5
"276","CLE",61203966,2010,6
"277","ARI",61368166,2010,7
"278","TOR",62734000,2010,8
"279","WSN",67701000,2010,9
"280","TBR",71923471,2010,10
"281","KCR",73105210,2010,11
"282","CIN",75321542,2010,12
"283","MIL",81108278,2010,13
"284","BAL",81612500,2010,14
"285","ATL",84423666,2010,15
"286","SEA",86510000,2010,16
"287","COL",90677000,2010,17
"288","HOU",93216000,2010,18
"289","STL",93540751,2010,19
"290","LAD",95358016,2010,20
"291","MIN",97559166,2010,21
"292","SFG",98641333,2010,22
"293","LAA",104963866,2010,23
"294","CHW",107195000,2010,24
"295","DET",124039928,2010,25
"296","NYM",134422942,2010,26
"297","PHI",141928379,2010,27
"298","CHC",146609002,2010,28
"299","BOS",164507333,2010,29
"300","NYY",210733389,2010,30
"301","FLA",40029000,2009,1
"302","SDP",50954200,2009,2
"303","PIT",51912500,2009,3
"304","WSN",64384000,2009,4
"305","OAK",65945000,2009,5
"306","TBR",67270334,2009,6
"307","MIN",67804266,2009,7
"308","BAL",69904166,2009,8
"309","ARI",75920666,2009,9
"310","KCR",76817333,2009,10
"311","CIN",78979000,2009,11
"312","COL",79250200,2009,12
"313","TEX",79723548,2009,13
"314","MIL",81384502,2009,14
"315","TOR",83964500,2009,15
"316","CLE",85224866,2009,16
"317","STL",90928409,2009,17
"318","SFG",91944450,2009,18
"319","ATL",99593166,2009,19
"320","SEA",100134166,2009,20
"321","CHW",101081000,2009,21
"322","LAD",102117592,2009,22
"323","HOU",105804414,2009,23
"324","PHI",115479046,2009,24
"325","LAA",118169000,2009,25
"326","DET",119510145,2009,26
"327","BOS",125439499,2009,27
"328","CHC",139652000,2009,28
"329","NYM",151994237,2009,29
"330","NYY",210330039,2009,30
"331","FLA",21811500,2008,1
"332","TBR",44970597,2008,2
"333","OAK",47967126,2008,3
"334","PIT",48689783,2008,4
"335","WSN",54961000,2008,5
"336","MIN",56932766,2008,6
"337","KCR",59445500,2008,7
"338","ARI",66202712,2008,8
"339","BAL",67196246,2008,9
"340","TEX",68037326,2008,10
"341","COL",68655500,2008,11
"342","SDP",73677616,2008,12
"343","CIN",74167695,2008,13
"344","SFG",76594500,2008,14
"345","CLE",78970066,2008,15
"346","MIL",80937499,2008,16
"347","HOU",87946807,2008,17
"348","TOR",97793900,2008,18
"349","PHI",97879880,2008,19
"350","STL",99624449,2008,20
"351","ATL",102365683,2008,21
"352","SEA",117666482,2008,22
"353","LAD",118588536,2008,23
"354","LAA",119216333,2008,24
"355","CHC",120345833,2008,25
"356","CHW",121189332,2008,26
"357","BOS",133390035,2008,27
"358","NYM",137793376,2008,28
"359","DET",138785196,2008,29
"360","NYY",212286789,2008,30
"361","TBD",24623500,2007,1
"362","FLA",30507000,2007,2
"363","WSN",36947500,2007,3
"364","PIT",38537833,2007,4
"365","ARI",52067546,2007,5
"366","COL",54041000,2007,6
"367","SDP",58110567,2007,7
"368","CLE",61673267,2007,8
"369","KCR",67691500,2007,9
"370","CIN",68524980,2007,10
"371","TEX",68643675,2007,11
"372","MIL",70986500,2007,12
"373","MIN",71439500,2007,13
"374","OAK",79366940,2007,14
"375","TOR",81942800,2007,15
"376","ATL",87290833,2007,16
"377","HOU",87759000,2007,17
"378","PHI",89428213,2007,18
"379","SFG",90219056,2007,19
"380","STL",90286823,2007,20
"381","BAL",93174808,2007,21
"382","DET",95180369,2007,22
"383","CHC",101670332,2007,23
"384","SEA",106460833,2007,24
"385","LAD",108454524,2007,25
"386","CHW",108671833,2007,26
"387","LAA",109251333,2007,27
"388","NYM",116181663,2007,28
"389","BOS",143026214,2007,29
"390","NYY",207039045,2007,30
"391","FLA",14671500,2006,1
"392","TBD",34917967,2006,2
"393","COL",41233000,2006,3
"394","PIT",46717750,2006,4
"395","KCR",47694000,2006,5
"396","CLE",56031500,2006,6
"397","MIL",57970333,2006,7
"398","ARI",59984226,2006,8
"399","CIN",60909519,2006,9
"400","WSN",63143000,2006,10
"401","MIN",63396006,2006,11
"402","OAK",64843079,2006,12
"403","TEX",68228662,2006,13
"404","SDP",69896141,2006,14
"405","TOR",71365000,2006,15
"406","BAL",72585582,2006,16
"407","DET",82612866,2006,17
"408","SEA",87959833,2006,18
"409","PHI",88273333,2006,19
"410","STL",88891371,2006,20
"411","SFG",90056419,2006,21
"412","ATL",90156876,2006,22
"413","CHC",94424499,2006,23
"414","LAD",98447187,2006,24
"415","HOU",100894435,2006,25
"416","NYM",101584963,2006,26
"417","CHW",102750667,2006,27
"418","LAA",103472000,2006,28
"419","BOS",120099824,2006,29
"420","NYY",194663079,2006,30
"421","TBD",29679067,2005,1
"422","KCR",36881000,2005,2
"423","PIT",38133000,2005,3
"424","MIL",39934833,2005,4
"425","CLE",41502500,2005,5
"426","TOR",45719500,2005,6
"427","COL",47839000,2005,7
"428","WSN",48581500,2005,8
"429","OAK",55425762,2005,9
"430","TEX",55849000,2005,10
"431","MIN",56186000,2005,11
"432","FLA",60408834,2005,12
"433","CIN",61892583,2005,13
"434","ARI",62629166,2005,14
"435","SDP",63290833,2005,15
"436","DET",69092000,2005,16
"437","BAL",73914333,2005,17
"438","CHW",75178000,2005,18
"439","HOU",76779000,2005,19
"440","LAD",83039000,2005,20
"441","ATL",86457302,2005,21
"442","CHC",87032933,2005,22
"443","SEA",87754334,2005,23
"444","SFG",90199500,2005,24
"445","STL",92106833,2005,25
"446","LAA",94867822,2005,26
"447","PHI",95522000,2005,27
"448","NYM",101305821,2005,28
"449","BOS",123505125,2005,29
"450","NYY",208306817,2005,30
"451","MIL",27528500,2004,1
"452","TBD",29856667,2004,2
"453","PIT",32227929,2004,3
"454","CLE",34319300,2004,4
"455","MON",41197500,2004,5
"456","FLA",42143042,2004,6
"457","DET",46832000,2004,7
"458","CIN",46915250,2004,8
"459","KCR",47609000,2004,9
"460","TOR",50017000,2004,10
"461","BAL",51623333,2004,11
"462","MIN",53890000,2004,12
"463","TEX",55050417,2004,13
"464","SDP",55384833,2004,14
"465","OAK",59425667,2004,15
"466","CHW",65212500,2004,16
"467","COL",65445167,2004,17
"468","ARI",69780750,2004,18
"469","HOU",75397000,2004,19
"470","SEA",81515834,2004,20
"471","SFG",82019166,2004,21
"472","STL",84340333,2004,22
"473","ATL",90182500,2004,23
"474","CHC",90560000,2004,24
"475","LAD",92902001,2004,25
"476","PHI",93219167,2004,26
"477","ANA",100534667,2004,27
"478","NYM",102035970,2004,28
"479","BOS",127298500,2004,29
"480","NYY",184193950,2004,30
"481","TBD",19630000,2003,1
"482","KCR",40518000,2003,2
"483","MIL",40627000,2003,3
"484","SDP",45210000,2003,4
"485","CLE",48584834,2003,5
"486","DET",49168000,2003,6
"487","FLA",49450000,2003,7
"488","OAK",50260834,2003,8
"489","CHW",51010000,2003,9
"490","TOR",51269000,2003,10
"491","MON",51948500,2003,11
"492","PIT",54812429,2003,12
"493","MIN",55505000,2003,13
"494","CIN",59355667,2003,14
"495","COL",67179667,2003,15
"496","PHI",70780000,2003,16
"497","HOU",71040000,2003,17
"498","BAL",73877500,2003,18
"499","ANA",79031667,2003,19
"500","CHC",79868333,2003,20
"501","ARI",80657000,2003,21
"502","SFG",82852167,2003,22
"503","STL",83786666,2003,23
"504","SEA",86959167,2003,24
"505","BOS",99946500,2003,25
"506","TEX",103491667,2003,26
"507","LAD",105872620,2003,27
"508","ATL",106243667,2003,28
"509","NYM",117176429,2003,29
"510","NYY",152749814,2003,30
"511","TBD",34380000,2002,1
"512","MON",38670500,2002,2
"513","OAK",40004167,2002,3
"514","MIN",40425000,2002,4
"515","SDP",41425000,2002,5
"516","FLA",41979917,2002,6
"517","PIT",42323599,2002,7
"518","CIN",45050390,2002,8
"519","KCR",47257000,2002,9
"520","MIL",50287833,2002,10
"521","DET",55048000,2002,11
"522","COL",56851043,2002,12
"523","CHW",57052833,2002,13
"524","PHI",57954999,2002,14
"525","ANA",61721667,2002,15
"526","HOU",63448417,2002,16
"527","BAL",64493487,2002,17
"528","STL",74660875,2002,18
"529","CHC",75690833,2002,19
"530","TOR",76864333,2002,20
"531","SFG",78299835,2002,21
"532","CLE",78909449,2002,22
"533","SEA",80282668,2002,23
"534","ATL",93470367,2002,24
"535","NYM",94633593,2002,25
"536","LAD",94850953,2002,26
"537","ARI",102819999,2002,27
"538","TEX",105726122,2002,28
"539","BOS",108366060,2002,29
"540","NYY",125928583,2002,30
"541","MIN",24130000,2001,1
"542","OAK",33810750,2001,2
"543","MON",35159500,2001,3
"544","KCR",35422500,2001,4
"545","FLA",35762500,2001,5
"546","SDP",39182833,2001,6
"547","PHI",41663833,2001,7
"548","MIL",43886833,2001,8
"549","ANA",47735167,2001,9
"550","CIN",48986000,2001,10
"551","DET",53416167,2001,11
"552","TBD",56980000,2001,12
"553","PIT",57760833,2001,13
"554","HOU",60612667,2001,14
"555","SFG",63280167,2001,15
"556","CHC",64715833,2001,16
"557","CHW",65653667,2001,17
"558","COL",71541334,2001,18
"559","BAL",74279540,2001,19
"560","SEA",74720834,2001,20
"561","TOR",76895999,2001,21
"562","STL",79373333,2001,22
"563","ARI",85082999,2001,23
"564","TEX",88633500,2001,24
"565","ATL",91936166,2001,25
"566","NYM",93174428,2001,26
"567","CLE",93360001,2001,27
"568","LAD",109105953,2001,28
"569","BOS",110035833,2001,29
"570","NYY",112787143,2001,30
"571","MIN",17529500,2000,1
"572","FLA",20347000,2000,2
"573","KCR",24903000,2000,3
"574","PIT",31328334,2000,4
"575","CHW",31743500,2000,5
"576","MON",32994333,2000,6
"577","OAK",33172333,2000,7
"578","MIL",37305333,2000,8
"579","TOR",46038332,2000,9
"580","CIN",46867200,2000,10
"581","PHI",47513000,2000,11
"582","HOU",51289111,2000,12
"583","ANA",52664167,2000,13
"584","SFG",53737826,2000,14
"585","SDP",55021000,2000,15
"586","DET",59645167,2000,16
"587","SEA",60495000,2000,17
"588","CHC",60539333,2000,18
"589","COL",61111190,2000,19
"590","STL",61653863,2000,20
"591","TBD",63265129,2000,21
"592","TEX",70795921,2000,22
"593","CLE",76972271,2000,23
"594","NYM",79509776,2000,24
"595","BOS",79975333,2000,25
"596","ARI",81027833,2000,26
"597","BAL",82347435,2000,27
"598","ATL",84737836,2000,28
"599","LAD",88124286,2000,29
"600","NYY",93113260,2000,30
"601","MON",17903000,1999,1
"602","FLA",21085000,1999,2
"603","MIN",22107500,1999,3
"604","OAK",24831833,1999,4
"605","PIT",25047666,1999,5
"606","CHW",25820000,1999,6
"607","KCR",26660000,1999,7
"608","PHI",31897500,1999,8
"609","CIN",33962761,1999,9
"610","DET",36689666,1999,10
"611","TBD",38870000,1999,11
"612","MIL",43377395,1999,12
"613","TOR",45444333,1999,13
"614","SFG",46798057,1999,14
"615","SDP",49768179,1999,15
"616","STL",49988195,1999,16
"617","SEA",54125003,1999,17
"618","HOU",55114000,1999,18
"619","ANA",55633166,1999,19
"620","COL",61935837,1999,20
"621","CHC",62343000,1999,21
"622","BOS",64097500,1999,22
"623","ARI",68703999,1999,23
"624","NYM",68852092,1999,24
"625","ATL",73341000,1999,25
"626","CLE",73679962,1999,26
"627","TEX",76709931,1999,27
"628","BAL",80805863,1999,28
"629","LAD",81062453,1999,29
"630","NYY",86934359,1999,30
"631","MON",10641500,1998,1
"632","PIT",15065000,1998,2
"633","OAK",21473000,1998,3
"634","CIN",23005000,1998,4
"635","DET",24265000,1998,5
"636","TBD",27280000,1998,6
"637","MIN",28097500,1998,7
"638","ARI",32347000,1998,8
"639","MIL",34139904,1998,9
"640","PHI",36297500,1998,10
"641","KCR",38097500,1998,11
"642","CHW",39850000,1998,12
"643","ANA",41791000,1998,13
"644","FLA",41864667,1998,14
"645","HOU",42374000,1998,15
"646","SFG",42738334,1998,16
"647","SDP",46861500,1998,17
"648","LAD",48820000,1998,18
"649","COL",50484648,1998,19
"650","CHC",50838000,1998,20
"651","TOR",51376000,1998,21
"652","NYM",52247999,1998,22
"653","STL",54672521,1998,23
"654","SEA",54802036,1998,24
"655","TEX",56752095,1998,25
"656","BOS",56927000,1998,26
"657","ATL",61186000,1998,27
"658","CLE",61718166,1998,28
"659","NYY",66806867,1998,29
"660","BAL",72525634,1998,30
"661","PIT",10771667,1997,1
"662","DET",17272000,1997,2
"663","MON",19295500,1997,3
"664","MIL",23655338,1997,4
"665","OAK",24018500,1997,5
"666","ANA",31135472,1997,6
"667","MIN",34072500,1997,7
"668","HOU",34777500,1997,8
"669","KCR",34810000,1997,9
"670","SFG",35592378,1997,10
"671","PHI",36656500,1997,11
"672","SDP",37363672,1997,12
"673","NYM",39800400,1997,13
"674","SEA",41540661,1997,14
"675","CHC",42155333,1997,15
"676","BOS",43558750,1997,16
"677","COL",43559667,1997,17
"678","LAD",45380304,1997,18
"679","STL",45456667,1997,19
"680","TOR",47079833,1997,20
"681","FLA",48692500,1997,21
"682","CIN",49768000,1997,22
"683","ATL",52278500,1997,23
"684","TEX",53448838,1997,24
"685","CLE",56802460,1997,25
"686","CHW",57740000,1997,26
"687","BAL",58516400,1997,27
"688","NYY",62241545,1997,28
"689","MON",16264500,1996,1
"690","KCR",20281250,1996,2
"691","OAK",21243000,1996,3
"692","MIL",21730000,1996,4
"693","PIT",23017500,1996,5
"694","MIN",23117000,1996,6
"695","DET",23438000,1996,7
"696","NYM",24479500,1996,8
"697","SDP",28348172,1996,9
"698","HOU",28487000,1996,10
"699","CAL",28847000,1996,11
"700","TOR",30555083,1996,12
"701","FLA",31132000,1996,13
"702","CHC",33081000,1996,14
"703","PHI",34314500,1996,15
"704","LAD",35355000,1996,16
"705","SFG",37144725,1996,17
"706","TEX",39041528,1996,18
"707","STL",40269667,1996,19
"708","COL",40324823,1996,20
"709","SEA",41328501,1996,21
"710","BOS",42393500,1996,22
"711","CIN",42526334,1996,23
"712","CHW",45289500,1996,24
"713","CLE",48216360,1996,25
"714","ATL",49698500,1996,26
"715","NYY",54191792,1996,27
"716","BAL",54599315,1996,28
"717","MON",12473000,1995,1
"718","MIL",17798825,1995,2
"719","PIT",18355345,1995,3
"720","FLA",24515781,1995,4
"721","MIN",25410500,1995,5
"722","SDP",26382334,1995,6
"723","NYM",27674992,1995,7
"724","CHC",29505834,1995,8
"725","KCR",29532834,1995,9
"726","PHI",30555945,1995,10
"727","CAL",31223171,1995,11
"728","BOS",32455518,1995,12
"729","COL",34154717,1995,13
"730","HOU",34169834,1995,14
"731","TEX",34581451,1995,15
"732","SFG",36462777,1995,16
"733","SEA",36481311,1995,17
"734","DET",37044168,1995,18
"735","STL",37101000,1995,19
"736","OAK",37739225,1995,20
"737","CLE",38057835,1995,21
"738","LAD",39273201,1995,22
"739","CIN",43144670,1995,23
"740","BAL",43942521,1995,24
"741","CHW",46961282,1995,25
"742","ATL",47235445,1995,26
"743","NYY",48874851,1995,27
"744","TOR",50590000,1995,28
"745","SDP",14916333,1994,1
"746","MON",19098000,1994,2
"747","FLA",21633000,1994,3
"748","COL",23887333,1994,4
"749","PIT",24217250,1994,5
"750","MIL",24350500,1994,6
"751","CAL",25156218,1994,7
"752","MIN",28438500,1994,8
"753","SEA",29228500,1994,9
"754","STL",29275601,1994,10
"755","CLE",30490500,1994,11
"756","NYM",30956583,1994,12
"757","PHI",31599000,1994,13
"758","TEX",32973597,1994,14
"759","HOU",33126000,1994,15
"760","OAK",34172500,1994,16
"761","CHC",36287333,1994,17
"762","BOS",37859084,1994,18
"763","LAD",38000001,1994,19
"764","BAL",38849769,1994,20
"765","CHW",39183836,1994,21
"766","KCR",40541334,1994,22
"767","CIN",41073833,1994,23
"768","DET",41446501,1994,24
"769","SFG",42638666,1994,25
"770","TOR",43433668,1994,26
"771","NYY",46040334,1994,27
"772","ATL",49383513,1994,28
"773","COL",10353500,1993,1
"774","CLE",18561000,1993,2
"775","MON",18899333,1993,3
"776","FLA",19330545,1993,4
"777","STL",23367334,1993,5
"778","MIL",23806834,1993,6
"779","PIT",24822467,1993,7
"780","SDP",25511333,1993,8
"781","MIN",28217933,1993,9
"782","PHI",28538334,1993,10
"783","CAL",28588334,1993,11
"784","BAL",29096500,1993,12
"785","HOU",30210500,1993,13
"786","SEA",33646333,1993,14
"787","SFG",35159000,1993,15
"788","TEX",36376959,1993,16
"789","BOS",37120583,1993,17
"790","OAK",37812333,1993,18
"791","DET",38150165,1993,19
"792","NYM",39043667,1993,20
"793","CHC",39386666,1993,21
"794","LAD",39440999,1993,22
"795","CHW",39696166,1993,23
"796","KCR",41455167,1993,24
"797","ATL",41641417,1993,25
"798","NYY",42723000,1993,26
"799","CIN",44879666,1993,27
"800","TOR",47279166,1993,28
"801","CLE",9373044,1992,1
"802","HOU",15407500,1992,2
"803","MON",15822334,1992,3
"804","SEA",23304833,1992,4
"805","BAL",23891667,1992,5
"806","PHI",24492834,1992,6
"807","SDP",26854167,1992,7
"808","DET",27322834,1992,8
"809","STL",27583836,1992,9
"810","MIN",28027834,1992,10
"811","CHC",29829686,1992,11
"812","TEX",30128167,1992,12
"813","CHW",30160833,1992,13
"814","MIL",31013667,1992,14
"815","SFG",33163168,1992,15
"816","CIN",33431499,1992,16
"817","KCR",33893834,1992,17
"818","PIT",33944167,1992,18
"819","ATL",34625333,1992,19
"820","CAL",34749334,1992,20
"821","NYY",37652334,1992,21
"822","OAK",41035000,1992,22
"823","BOS",43610584,1992,23
"824","NYM",44602002,1992,24
"825","LAD",44788166,1992,25
"826","TOR",44788666,1992,26
"827","MON",10732333,1991,1
"828","HOU",12852500,1991,2
"829","SEA",15691833,1991,3
"830","CHW",16919667,1991,4
"831","BAL",17519000,1991,5
"832","CLE",17635000,1991,6
"833","TEX",18224500,1991,7
"834","ATL",18403500,1991,8
"835","TOR",19902417,1991,9
"836","STL",21860001,1991,10
"837","SDP",22150001,1991,11
"838","PHI",22487332,1991,12
"839","MIL",23115500,1991,13
"840","MIN",23361833,1991,14
"841","CHC",23380667,1991,15
"842","PIT",23634667,1991,16
"843","DET",23838333,1991,17
"844","CIN",26305333,1991,18
"845","KCR",26319834,1991,19
"846","NYY",27344168,1991,20
"847","SFG",30967666,1991,21
"848","NYM",32590001,1991,22
"849","LAD",32790664,1991,23
"850","CAL",33060001,1991,24
"851","BOS",35167500,1991,25
"852","OAK",36999167,1991,26
"853","BAL",10100084,1990,1
"854","CHW",10721500,1990,2
"855","SEA",12867667,1990,3
"856","PHI",13740167,1990,4
"857","CIN",14470000,1990,5
"858","CHC",14599000,1990,6
"859","ATL",15065501,1990,7
"860","CLE",15208000,1990,8
"861","MIN",15272000,1990,9
"862","PIT",15556000,1990,10
"863","TEX",15597872,1990,11
"864","MON",17334888,1990,12
"865","SDP",17788334,1990,13
"866","DET",18393238,1990,14
"867","HOU",18752500,1990,15
"868","TOR",19259334,1990,16
"869","OAK",20087501,1990,17
"870","MIL",20149167,1990,18
"871","BOS",20858333,1990,19
"872","STL",21048334,1990,20
"873","NYY",21312318,1990,21
"874","SFG",21565333,1990,22
"875","NYM",21922834,1990,23
"876","LAD",22018704,1990,24
"877","CAL",22417500,1990,25
"878","KCR",24161084,1990,26
"879","CHW",8565410,1989,1
"880","CLE",9894500,1989,2
"881","SEA",10099500,1989,3
"882","PHI",10779000,1989,4
"883","BAL",10916401,1989,5
"884","ATL",11180334,1989,6
"885","CIN",11717000,1989,7
"886","TEX",11893781,1989,8
"887","CHC",11918000,1989,9
"888","MIL",12716000,1989,10
"889","MON",13807389,1989,11
"890","PIT",13992500,1989,12
"891","SFG",15040834,1989,13
"892","CAL",15097833,1989,14
"893","SDP",15295000,1989,15
"894","HOU",15579500,1989,16
"895","DET",15669304,1989,17
"896","STL",16078833,1989,18
"897","OAK",16314265,1989,19
"898","TOR",16586666,1989,20
"899","MIN",16806666,1989,21
"900","NYY",17114375,1989,22
"901","BOS",18556748,1989,23
"902","KCR",18914068,1989,24
"903","NYM",19885071,1989,25
"904","LAD",21071562,1989,26
"905","TEX",6385631,1988,1
"906","PIT",7128500,1988,2
"907","SEA",7754950,1988,3
"908","CHW",8537500,1988,4
"909","CLE",9261500,1988,5
"910","MIL",9502000,1988,6
"911","CIN",9697409,1988,7
"912","MON",10046833,1988,8
"913","OAK",10653833,1988,9
"914","SDP",10723502,1988,10
"915","CAL",12249888,1988,11
"916","HOU",12641167,1988,12
"917","SFG",12822500,1988,13
"918","ATL",13065674,1988,14
"919","STL",13192500,1988,15
"920","MIN",13308966,1988,16
"921","DET",13432071,1988,17
"922","PHI",13900500,1988,18
"923","CHC",13956698,1988,19
"924","BAL",14389075,1988,20
"925","TOR",14412725,1988,21
"926","BOS",14687092,1988,22
"927","KCR",14850062,1988,23
"928","NYM",15401814,1988,24
"929","LAD",17141015,1988,25
"930","NYY",20371152,1988,26
"931","SEA",4623000,1987,1
"932","TEX",5992718,1987,2
"933","MIL",7293224,1987,3
"934","SFG",8532500,1987,4
"935","MON",8762052,1987,5
"936","PIT",8789500,1987,6
"937","CLE",9033750,1987,7
"938","CIN",9281500,1987,8
"939","MIN",10585000,1987,9
"940","TOR",10765401,1987,10
"941","STL",11758000,1987,11
"942","SDP",12065796,1987,12
"943","DET",12122881,1987,13
"944","CHW",12135343,1987,14
"945","PHI",12482997,1987,15
"946","KCR",12513056,1987,16
"947","OAK",12730839,1987,17
"948","HOU",12758371,1987,18
"949","BOS",13770171,1987,19
"950","NYM",13846714,1987,20
"951","CAL",13855999,1987,21
"952","BAL",14250273,1987,22
"953","LAD",14474737,1987,23
"954","CHC",15473026,1987,24
"955","ATL",17444560,1987,25
"956","NYY",19457714,1987,26
"957","SEA",5958309,1986,1
"958","TEX",6743119,1986,2
"959","CLE",7809500,1986,3
"960","SFG",8947000,1986,4
"961","MIN",9498167,1986,5
"962","OAK",9779421,1986,6
"963","HOU",9873276,1986,7
"964","STL",9875010,1986,8
"965","MIL",9943642,1986,9
"966","CHW",10418819,1986,10
"967","PIT",10938500,1986,11
"968","MON",11103600,1986,12
"969","SDP",11380693,1986,13
"970","PHI",11590166,1986,14
"971","CIN",11906388,1986,15
"972","DET",12335714,1986,16
"973","TOR",12801047,1986,17
"974","BAL",13001258,1986,18
"975","KCR",13043698,1986,19
"976","BOS",14402239,1986,20
"977","CAL",14427258,1986,21
"978","LAD",15213776,1986,22
"979","NYM",15393714,1986,23
"980","ATL",17102786,1986,24
"981","CHC",17208165,1986,25
"982","NYY",18494253,1986,26
"983","SEA",4613000,1985,1
"984","MIN",5764821,1985,2
"985","CLE",6551666,1985,3
"986","TEX",7676500,1985,4
"987","SFG",8221714,1985,5
"988","CIN",8359917,1985,6
"989","OAK",9058606,1985,7
"990","PIT",9267500,1985,8
"991","TOR",9329217,1985,9
"992","MON",9470166,1985,10
"993","CHW",9846178,1985,11
"994","HOU",9993051,1985,12
"995","DET",10348143,1985,13
"996","KCR",10565346,1985,14
"997","PHI",10644966,1985,15
"998","NYM",10834762,1985,16
"999","BOS",10897560,1985,17
"1000","LAD",10967917,1985,18
"1001","SDP",11191583,1985,19
"1002","MIL",11284107,1985,20
"1003","STL",11817083,1985,21
"1004","BAL",12085712,1985,22
"1005","CHC",12702917,1985,23
"1006","NYY",14238204,1985,24
"1007","CAL",14427894,1985,25
"1008","ATL",14807000,1985,26
